time/time_elapsed,time/total_timesteps,train/ent_coef,train/n_updates,rollout/ep_len_mean,time/episodes,train/learning_rate,train/actor_loss,train/critic_loss,time/fps,rollout/ep_rew_mean,eval/mean_reward,eval/mean_ep_length
12,4000,0.010297184810042381,974,1000.0,4,1.0528023202705036e-05,-0.08073630928993225,0.003707946976646781,320,-277.6426081575532,,
26,8000,0.010297184810042381,1974,1000.0,8,1.0528023202705036e-05,-0.35555601119995117,0.006076219491660595,303,-229.18320905180101,,
40,12000,0.010297184810042381,2974,1000.0,12,1.0528023202705036e-05,-0.4359731078147888,0.004167817533016205,294,-243.72863040180656,,
55,16000,0.010297184810042381,3974,1000.0,16,1.0528023202705036e-05,-0.4007960557937622,0.003845687722787261,289,-238.79156425024075,,
69,20000,0.010297184810042381,4974,1000.0,20,1.0528023202705036e-05,-0.46743685007095337,0.0034057479351758957,287,-220.89302002970658,,
84,24000,0.010297184810042381,5974,1000.0,24,1.0528023202705036e-05,-0.49823588132858276,0.0033239047043025494,285,-208.76194138964274,,
98,28000,0.010297184810042381,6974,1000.0,28,1.0528023202705036e-05,-0.534800112247467,0.0032676467671990395,284,-198.41333720918882,,
112,32000,0.010297184810042381,7974,1000.0,32,1.0528023202705036e-05,-0.5613811016082764,0.0030274332966655493,283,-187.07750697688215,,
127,36000,0.010297184810042381,8974,1000.0,36,1.0528023202705036e-05,-0.5553678274154663,0.0032631303183734417,282,-179.40101788135968,,
141,40000,0.010297184810042381,9974,1000.0,40,1.0528023202705036e-05,-0.5920132994651794,0.0036216173321008682,282,-166.06459250151084,,
156,44000,0.010297184810042381,10974,1000.0,44,1.0528023202705036e-05,-0.6412484645843506,0.0030755498446524143,281,-150.28574506729703,,
170,48000,0.010297184810042381,11974,1000.0,48,1.0528023202705036e-05,-0.6932393312454224,0.0031369621865451336,281,-130.59519025920716,,
185,52000,0.010297184810042381,12974,1000.0,52,1.0528023202705036e-05,-0.7622898817062378,0.002966766245663166,281,-107.523132353108,,
199,56000,0.010297184810042381,13974,1000.0,56,1.0528023202705036e-05,-0.8077274560928345,0.002709143329411745,280,-83.44201361498683,,
214,60000,0.010297184810042381,14974,1000.0,60,1.0528023202705036e-05,-0.8535256385803223,0.002160456031560898,280,-60.49617099492475,,
228,64000,0.010297184810042381,15974,1000.0,64,1.0528023202705036e-05,-0.8783655166625977,0.002036315854638815,279,-45.591902296350995,,
243,68000,0.010297184810042381,16974,1000.0,68,1.0528023202705036e-05,-0.8870640993118286,0.0020257546566426754,279,-34.33043423934032,,
258,72000,0.010297184810042381,17974,1000.0,72,1.0528023202705036e-05,-0.9141976833343506,0.001983913127332926,278,-22.333744570986582,,
272,76000,0.010297184810042381,18974,1000.0,76,1.0528023202705036e-05,-0.9377436637878418,0.0022539810743182898,278,-16.183485645082534,,
287,80000,0.010297184810042381,19974,1000.0,80,1.0528023202705036e-05,-0.9513493180274963,0.0021106807980686426,278,-7.671989888305802,,
302,84000,0.010297184810042381,20974,1000.0,84,1.0528023202705036e-05,-0.9784087538719177,0.001946610864251852,277,4.2552708733826465,,
316,88000,0.010297184810042381,21974,1000.0,88,1.0528023202705036e-05,-0.9991765022277832,0.002344248816370964,277,12.57173396889571,,
331,92000,0.010297184810042381,22974,1000.0,92,1.0528023202705036e-05,-1.0120795965194702,0.0019664927385747433,277,25.418897664869434,,
346,96000,0.010297184810042381,23974,1000.0,96,1.0528023202705036e-05,-1.0182994604110718,0.0020289903040975332,277,36.03926714802937,,
360,100000,0.010297184810042381,24974,1000.0,100,1.0528023202705036e-05,-1.0532245635986328,0.0017761504277586937,277,46.243794453684714,,
375,104000,0.010297184810042381,25974,1000.0,104,1.0528023202705036e-05,-1.060044527053833,0.00214467104524374,277,69.54342602082448,,
390,108000,0.010297184810042381,26974,1000.0,108,1.0528023202705036e-05,-1.0917599201202393,0.001884387107565999,276,88.78594953057453,,
404,112000,0.010297184810042381,27974,1000.0,112,1.0528023202705036e-05,-1.1049988269805908,0.001907494617626071,276,113.94088831067575,,
419,116000,0.010297184810042381,28974,1000.0,116,1.0528023202705036e-05,-1.0998330116271973,0.0017422762466594577,276,138.4987841255532,,
433,120000,0.010297184810042381,29974,1000.0,120,1.0528023202705036e-05,-1.131556749343872,0.0020124511793255806,276,158.89005540381447,,
448,124000,0.010297184810042381,30974,1000.0,124,1.0528023202705036e-05,-1.1525826454162598,0.0020256629213690758,276,179.38006729864085,,
463,128000,0.010297184810042381,31974,1000.0,128,1.0528023202705036e-05,-1.162635087966919,0.0016552022425457835,276,199.5839376562921,,
477,132000,0.010297184810042381,32974,1000.0,132,1.0528023202705036e-05,-1.1827915906906128,0.0017332213465124369,276,219.7257784622777,,
492,136000,0.010297184810042381,33974,1000.0,136,1.0528023202705036e-05,-1.1865952014923096,0.001782293082214892,276,238.95208561242097,,
506,140000,0.010297184810042381,34974,1000.0,140,1.0528023202705036e-05,-1.1954314708709717,0.0019220225512981415,276,255.85552134612954,,
521,144000,0.010297184810042381,35974,1000.0,144,1.0528023202705036e-05,-1.2134947776794434,0.0015798051608726382,276,270.86478347800784,,
536,148000,0.010297184810042381,36974,1000.0,148,1.0528023202705036e-05,-1.2274765968322754,0.0017993762157857418,275,285.2018600686838,,
550,152000,0.010297184810042381,37974,1000.0,152,1.0528023202705036e-05,-1.238783359527588,0.0017559664556756616,275,296.07487726540205,,
565,156000,0.010297184810042381,38974,1000.0,156,1.0528023202705036e-05,-1.250229835510254,0.0016433608252555132,275,303.8076981595998,,
579,160000,0.010297184810042381,39974,1000.0,160,1.0528023202705036e-05,-1.250274658203125,0.0015249797143042088,276,310.95602184769825,,
594,164000,0.010297184810042381,40974,1000.0,164,1.0528023202705036e-05,-1.2663311958312988,0.0017786179669201374,275,322.8259538244124,,
608,168000,0.010297184810042381,41974,1000.0,168,1.0528023202705036e-05,-1.2688626050949097,0.0015502020251005888,276,334.2212673261729,,
623,172000,0.010297184810042381,42974,1000.0,172,1.0528023202705036e-05,-1.2880090475082397,0.0016278690891340375,276,344.9909757500812,,
637,176000,0.010297184810042381,43974,1000.0,176,1.0528023202705036e-05,-1.301727294921875,0.0015289776492863894,275,359.2890549352411,,
652,180000,0.010297184810042381,44974,1000.0,180,1.0528023202705036e-05,-1.313077449798584,0.0017661273013800383,276,373.5642214822481,,
666,184000,0.010297184810042381,45974,1000.0,184,1.0528023202705036e-05,-1.3173192739486694,0.0014663878828287125,276,382.556086885523,,
681,188000,0.010297184810042381,46974,1000.0,188,1.0528023202705036e-05,-1.3250799179077148,0.0015939383301883936,276,394.5741602790915,,
695,192000,0.010297184810042381,47974,1000.0,192,1.0528023202705036e-05,-1.3293509483337402,0.0014526196755468845,276,402.312003718003,,
709,196000,0.010297184810042381,48974,1000.0,196,1.0528023202705036e-05,-1.344984769821167,0.0014137757243588567,276,411.03039247787996,,
,200000,0.010297184810042381,49974,,,1.0528023202705036e-05,-1.3566570281982422,0.0016424789791926742,,,-134.46132634487208,1000.0
733,200000,,,1000.0,200,,,,272,421.01185159636566,,
746,204000,0.010297184810042381,50974,1000.0,204,1.0528023202705036e-05,-1.3502252101898193,0.0013711348874494433,273,428.929247437462,,
759,208000,0.010297184810042381,51974,1000.0,208,1.0528023202705036e-05,-1.372969150543213,0.0014557053800672293,273,437.7861700908852,,
772,212000,0.010297184810042381,52974,1000.0,212,1.0528023202705036e-05,-1.383274793624878,0.0014651597011834383,274,445.4816164785432,,
785,216000,0.010297184810042381,53974,1000.0,216,1.0528023202705036e-05,-1.3912882804870605,0.0016117107588797808,274,451.4092145686643,,
800,220000,0.010297184810042381,54974,1000.0,220,1.0528023202705036e-05,-1.4009387493133545,0.0014143779408186674,274,457.5964863181941,,
814,224000,0.010297184810042381,55974,1000.0,224,1.0528023202705036e-05,-1.4060258865356445,0.0016098575433716178,274,465.4487682212319,,
829,228000,0.010297184810042381,56974,1000.0,228,1.0528023202705036e-05,-1.4127414226531982,0.0014369465643540025,274,473.0828637884449,,
843,232000,0.010297184810042381,57974,1000.0,232,1.0528023202705036e-05,-1.4101178646087646,0.0014286160003393888,274,478.2299254446553,,
858,236000,0.010297184810042381,58974,1000.0,236,1.0528023202705036e-05,-1.4248040914535522,0.0013885463122278452,274,487.1695653551993,,
872,240000,0.010297184810042381,59974,1000.0,240,1.0528023202705036e-05,-1.430715560913086,0.0015032675582915545,274,493.4900481254074,,
887,244000,0.010297184810042381,60974,1000.0,244,1.0528023202705036e-05,-1.4343714714050293,0.001359816873446107,274,500.30500026054904,,
901,248000,0.010297184810042381,61974,1000.0,248,1.0528023202705036e-05,-1.4390814304351807,0.0013617274817079306,275,505.57651320867706,,
916,252000,0.010297184810042381,62974,1000.0,252,1.0528023202705036e-05,-1.4427082538604736,0.0014188962522894144,275,510.25925341494775,,
930,256000,0.010297184810042381,63974,1000.0,256,1.0528023202705036e-05,-1.4643709659576416,0.0013440074399113655,275,515.6632269221135,,
945,260000,0.010297184810042381,64974,1000.0,260,1.0528023202705036e-05,-1.4566714763641357,0.0015498425345867872,275,521.8637366197624,,
959,264000,0.010297184810042381,65974,1000.0,264,1.0528023202705036e-05,-1.4720821380615234,0.0017203434836119413,275,525.4888504576402,,
974,268000,0.010297184810042381,66974,1000.0,268,1.0528023202705036e-05,-1.467566728591919,0.0014897105284035206,275,531.3023595057794,,
988,272000,0.010297184810042381,67974,1000.0,272,1.0528023202705036e-05,-1.4770886898040771,0.0014254162088036537,275,536.7422663425398,,
1003,276000,0.010297184810042381,68974,1000.0,276,1.0528023202705036e-05,-1.4809906482696533,0.0012612715363502502,275,542.495024189612,,
1017,280000,0.010297184810042381,69974,1000.0,280,1.0528023202705036e-05,-1.486550211906433,0.0013973579043522477,275,544.2441315538916,,
1032,284000,0.010297184810042381,70974,1000.0,284,1.0528023202705036e-05,-1.4858850240707397,0.0013691685162484646,275,549.5077705870897,,
1046,288000,0.010297184810042381,71974,1000.0,288,1.0528023202705036e-05,-1.4933254718780518,0.0012367884628474712,275,554.8043300067354,,
1061,292000,0.010297184810042381,72974,1000.0,292,1.0528023202705036e-05,-1.4842671155929565,0.0012272346066311002,275,558.8232500020779,,
1075,296000,0.010297184810042381,73974,1000.0,296,1.0528023202705036e-05,-1.4967467784881592,0.0014058920787647367,275,562.4704949725875,,
1089,300000,0.010297184810042381,74974,1000.0,300,1.0528023202705036e-05,-1.499963402748108,0.001316555542871356,275,564.8776996544435,,
1104,304000,0.010297184810042381,75974,1000.0,304,1.0528023202705036e-05,-1.5112923383712769,0.0012875800020992756,275,569.8999041370629,,
1118,308000,0.010297184810042381,76974,1000.0,308,1.0528023202705036e-05,-1.503669261932373,0.0009897712152451277,275,572.9247234722195,,
1133,312000,0.010297184810042381,77974,1000.0,312,1.0528023202705036e-05,-1.524430751800537,0.001282157376408577,275,575.662213864983,,
1147,316000,0.010297184810042381,78974,1000.0,316,1.0528023202705036e-05,-1.5170605182647705,0.0014887172728776932,275,578.6598995243323,,
1162,320000,0.010297184810042381,79974,1000.0,320,1.0528023202705036e-05,-1.5215678215026855,0.0012087421491742134,275,582.8498720722256,,
1176,324000,0.010297184810042381,80974,1000.0,324,1.0528023202705036e-05,-1.5236587524414062,0.0013568883296102285,275,584.9079187492287,,
1191,328000,0.010297184810042381,81974,1000.0,328,1.0528023202705036e-05,-1.5265856981277466,0.0010914613958448172,275,586.9674416663694,,
1205,332000,0.010297184810042381,82974,1000.0,332,1.0528023202705036e-05,-1.5351070165634155,0.0012877393746748567,275,589.1115795048903,,
1220,336000,0.010297184810042381,83974,1000.0,336,1.0528023202705036e-05,-1.5300259590148926,0.0011995881795883179,275,591.5831733871854,,
1234,340000,0.010297184810042381,84974,1000.0,340,1.0528023202705036e-05,-1.537617564201355,0.0012409889604896307,275,596.330464242133,,
1249,344000,0.010297184810042381,85974,1000.0,344,1.0528023202705036e-05,-1.5425708293914795,0.0012637932086363435,275,601.0685194776632,,
1263,348000,0.010297184810042381,86974,1000.0,348,1.0528023202705036e-05,-1.546665906906128,0.001193698262795806,275,603.7545547322442,,
1277,352000,0.010297184810042381,87974,1000.0,352,1.0528023202705036e-05,-1.553013563156128,0.001095652231015265,275,605.8216513568389,,
1292,356000,0.010297184810042381,88974,1000.0,356,1.0528023202705036e-05,-1.546795129776001,0.001255045528523624,275,609.9305849748744,,
1306,360000,0.010297184810042381,89974,1000.0,360,1.0528023202705036e-05,-1.5592360496520996,0.0011656304122880101,275,612.416832723146,,
1321,364000,0.010297184810042381,90974,1000.0,364,1.0528023202705036e-05,-1.5527763366699219,0.00119938631542027,275,616.3232181719475,,
1335,368000,0.010297184810042381,91974,1000.0,368,1.0528023202705036e-05,-1.5570834875106812,0.0013124789111316204,275,619.4866575745299,,
1350,372000,0.010297184810042381,92974,1000.0,372,1.0528023202705036e-05,-1.5693823099136353,0.001239824341610074,275,623.1720009203306,,
1364,376000,0.010297184810042381,93974,1000.0,376,1.0528023202705036e-05,-1.573301076889038,0.0011326298117637634,275,625.356392065268,,
1379,380000,0.010297184810042381,94974,1000.0,380,1.0528023202705036e-05,-1.5685381889343262,0.0011651874519884586,275,629.6644258372728,,
1393,384000,0.010297184810042381,95974,1000.0,384,1.0528023202705036e-05,-1.5748472213745117,0.0011216496350243688,275,631.2100638699715,,
1408,388000,0.010297184810042381,96974,1000.0,388,1.0528023202705036e-05,-1.5749825239181519,0.0010852046543732285,275,632.0906892781869,,
1422,392000,0.010297184810042381,97974,1000.0,392,1.0528023202705036e-05,-1.5806928873062134,0.001259078155271709,275,634.3515130359036,,
1437,396000,0.010297184810042381,98974,1000.0,396,1.0528023202705036e-05,-1.5814993381500244,0.0012631494319066405,275,638.2573686076956,,
,400000,0.010297184810042381,99974,,,1.0528023202705036e-05,-1.5896377563476562,0.0010357265127822757,,,-182.6778461843192,1000.0
1460,400000,,,1000.0,400,,,,273,641.4069228175695,,
1473,404000,0.010297184810042381,100974,1000.0,404,1.0528023202705036e-05,-1.5871798992156982,0.001061912509612739,274,644.1813397728752,,
1486,408000,0.010297184810042381,101974,1000.0,408,1.0528023202705036e-05,-1.5903056859970093,0.0012349634198471904,274,648.2779390854425,,
1499,412000,0.010297184810042381,102974,1000.0,412,1.0528023202705036e-05,-1.5965633392333984,0.0012602328788489103,274,650.665089202903,,
1513,416000,0.010297184810042381,103974,1000.0,416,1.0528023202705036e-05,-1.5986086130142212,0.0011605757754296064,274,652.7903039978261,,
1527,420000,0.010297184810042381,104974,1000.0,420,1.0528023202705036e-05,-1.5990121364593506,0.0010197514202445745,274,654.6316707270425,,
1542,424000,0.010297184810042381,105974,1000.0,424,1.0528023202705036e-05,-1.6057369709014893,0.0014443875988945365,274,657.7686926215888,,
1556,428000,0.010297184810042381,106974,1000.0,428,1.0528023202705036e-05,-1.6141574382781982,0.0010969553841277957,274,661.5677409144154,,
1571,432000,0.010297184810042381,107974,1000.0,432,1.0528023202705036e-05,-1.595141053199768,0.0011904971906915307,274,667.339254091089,,
1585,436000,0.010297184810042381,108974,1000.0,436,1.0528023202705036e-05,-1.611433982849121,0.0010959572391584516,274,668.6697870975286,,
1599,440000,0.010297184810042381,109974,1000.0,440,1.0528023202705036e-05,-1.6123536825180054,0.0011600479483604431,275,671.039999275924,,
1614,444000,0.010297184810042381,110974,1000.0,444,1.0528023202705036e-05,-1.6196342706680298,0.0010218025417998433,275,671.9815198795154,,
1628,448000,0.010297184810042381,111974,1000.0,448,1.0528023202705036e-05,-1.618515968322754,0.00104700424708426,275,674.6182813080836,,
1643,452000,0.010297184810042381,112974,1000.0,452,1.0528023202705036e-05,-1.6180155277252197,0.0010868776589632034,275,678.7537818728019,,
1657,456000,0.010297184810042381,113974,1000.0,456,1.0528023202705036e-05,-1.624197244644165,0.0010753241367638111,275,680.5522202132196,,
1672,460000,0.010297184810042381,114974,1000.0,460,1.0528023202705036e-05,-1.6302707195281982,0.0011824921239167452,275,682.275594807077,,
1686,464000,0.010297184810042381,115974,1000.0,464,1.0528023202705036e-05,-1.632122278213501,0.001067152712494135,275,685.0423829298983,,
1701,468000,0.010297184810042381,116974,1000.0,468,1.0528023202705036e-05,-1.6328729391098022,0.0009537553414702415,275,688.0880035805544,,
1715,472000,0.010297184810042381,117974,1000.0,472,1.0528023202705036e-05,-1.6322557926177979,0.0010121797677129507,275,691.3297872385546,,
1730,476000,0.010297184810042381,118974,1000.0,476,1.0528023202705036e-05,-1.6367053985595703,0.000984117854386568,275,694.489808875677,,
1744,480000,0.010297184810042381,119974,1000.0,480,1.0528023202705036e-05,-1.6404271125793457,0.0011886351276189089,275,696.7701206025155,,
1759,484000,0.010297184810042381,120974,1000.0,484,1.0528023202705036e-05,-1.642193078994751,0.0008928778697736561,275,700.9898539679327,,
1773,488000,0.010297184810042381,121974,1000.0,488,1.0528023202705036e-05,-1.6429097652435303,0.0010391830001026392,275,705.1098952326543,,
1788,492000,0.010297184810042381,122974,1000.0,492,1.0528023202705036e-05,-1.6515748500823975,0.0010686636669561267,275,707.9143874095695,,
1802,496000,0.010297184810042381,123974,1000.0,496,1.0528023202705036e-05,-1.651848316192627,0.001033376669511199,275,710.8197109048914,,
1817,500000,0.010297184810042381,124974,1000.0,500,1.0528023202705036e-05,-1.6497668027877808,0.0010480964556336403,275,713.277802198779,,
1831,504000,0.010297184810042381,125974,1000.0,504,1.0528023202705036e-05,-1.6628522872924805,0.001124345464631915,275,715.5081506657916,,
1846,508000,0.010297184810042381,126974,1000.0,508,1.0528023202705036e-05,-1.6520867347717285,0.0010975344339385629,275,716.9977570651165,,
1860,512000,0.010297184810042381,127974,1000.0,512,1.0528023202705036e-05,-1.6608481407165527,0.0011752775171771646,275,719.3306932284825,,
1875,516000,0.010297184810042381,128974,1000.0,516,1.0528023202705036e-05,-1.659937858581543,0.0010380491148680449,275,723.1554948376016,,
1889,520000,0.010297184810042381,129974,1000.0,520,1.0528023202705036e-05,-1.6633517742156982,0.0008475540671497583,275,727.1791372744791,,
1904,524000,0.010297184810042381,130974,1000.0,524,1.0528023202705036e-05,-1.6696820259094238,0.000961077690590173,275,731.0610026415123,,
1918,528000,0.010297184810042381,131974,1000.0,528,1.0528023202705036e-05,-1.6799739599227905,0.0010277364635840058,275,733.2077707394299,,
1933,532000,0.010297184810042381,132974,1000.0,532,1.0528023202705036e-05,-1.6713097095489502,0.0010046532843261957,275,735.5793297622075,,
1947,536000,0.010297184810042381,133974,1000.0,536,1.0528023202705036e-05,-1.671266794204712,0.0010251651983708143,275,738.4979154529137,,
1961,540000,0.010297184810042381,134974,1000.0,540,1.0528023202705036e-05,-1.6657109260559082,0.0009101328905671835,275,741.385165897338,,
1976,544000,0.010297184810042381,135974,1000.0,544,1.0528023202705036e-05,-1.6789268255233765,0.0009025975596159697,275,744.3443592080181,,
1990,548000,0.010297184810042381,136974,1000.0,548,1.0528023202705036e-05,-1.669418215751648,0.000982616562396288,275,746.8837261733199,,
2005,552000,0.010297184810042381,137974,1000.0,552,1.0528023202705036e-05,-1.6743930578231812,0.0009139220928773284,275,750.7851153209152,,
2020,556000,0.010297184810042381,138974,1000.0,556,1.0528023202705036e-05,-1.6863330602645874,0.0009550719987601042,275,752.5191610843327,,
2035,560000,0.010297184810042381,139974,1000.0,560,1.0528023202705036e-05,-1.6863077878952026,0.0009455765830352902,275,754.14522279032,,
2049,564000,0.010297184810042381,140974,1000.0,564,1.0528023202705036e-05,-1.6879762411117554,0.00103864842094481,275,756.405969751532,,
2064,568000,0.010297184810042381,141974,1000.0,568,1.0528023202705036e-05,-1.6904727220535278,0.0009925056947395205,275,759.0085903403728,,
2079,572000,0.010297184810042381,142974,1000.0,572,1.0528023202705036e-05,-1.6923421621322632,0.0010431463597342372,275,758.4070472684173,,
2093,576000,0.010297184810042381,143974,1000.0,576,1.0528023202705036e-05,-1.6929216384887695,0.0008484673453494906,275,760.4228560765705,,
2108,580000,0.010297184810042381,144974,1000.0,580,1.0528023202705036e-05,-1.6928157806396484,0.0009933924302458763,275,763.2434453518176,,
2123,584000,0.010297184810042381,145974,1000.0,584,1.0528023202705036e-05,-1.686051607131958,0.0008177455747500062,275,764.6296525297271,,
2137,588000,0.010297184810042381,146974,1000.0,588,1.0528023202705036e-05,-1.702070951461792,0.000758084119297564,275,766.5580193161437,,
2152,592000,0.010297184810042381,147974,1000.0,592,1.0528023202705036e-05,-1.6898181438446045,0.0009407567558810115,275,768.8525901405613,,
2167,596000,0.010297184810042381,148974,1000.0,596,1.0528023202705036e-05,-1.7114129066467285,0.0008540009148418903,274,770.7139744917953,,
,600000,0.010297184810042381,149974,,,1.0528023202705036e-05,-1.6992536783218384,0.0008398062200285494,,,-178.27084250079056,1000.0
2191,600000,,,1000.0,600,,,,273,773.1394122864731,,
2204,604000,0.010297184810042381,150974,1000.0,604,1.0528023202705036e-05,-1.7000656127929688,0.0008302603382617235,274,775.4096013188947,,
2217,608000,0.010297184810042381,151974,1000.0,608,1.0528023202705036e-05,-1.7026233673095703,0.0008714973228052258,274,779.6248542887126,,
2229,612000,0.010297184810042381,152974,1000.0,612,1.0528023202705036e-05,-1.7025628089904785,0.0008572794031351805,274,782.4934019004161,,
2243,616000,0.010297184810042381,153974,1000.0,616,1.0528023202705036e-05,-1.710693120956421,0.0009345581056550145,274,783.0704756980729,,
2258,620000,0.010297184810042381,154974,1000.0,620,1.0528023202705036e-05,-1.7171604633331299,0.0009685916011221707,274,784.6857346985036,,
2272,624000,0.010297184810042381,155974,1000.0,624,1.0528023202705036e-05,-1.7090847492218018,0.0010042665526270866,274,786.8415295394609,,
2287,628000,0.010297184810042381,156974,1000.0,628,1.0528023202705036e-05,-1.7082123756408691,0.0011097521055489779,274,789.7147311887767,,
2301,632000,0.010297184810042381,157974,1000.0,632,1.0528023202705036e-05,-1.7166420221328735,0.0008367034024558961,274,790.9437820374565,,
2316,636000,0.010297184810042381,158974,1000.0,636,1.0528023202705036e-05,-1.7123768329620361,0.000699833151884377,274,793.2421896360129,,
2330,640000,0.010297184810042381,159974,1000.0,640,1.0528023202705036e-05,-1.7230536937713623,0.0007976033957675099,274,793.4450052975168,,
2345,644000,0.010297184810042381,160974,1000.0,644,1.0528023202705036e-05,-1.718897819519043,0.0009061890887096524,274,796.2717530004996,,
2359,648000,0.010297184810042381,161974,1000.0,648,1.0528023202705036e-05,-1.7284317016601562,0.0008927002782002091,274,797.8042187903002,,
2374,652000,0.010297184810042381,162974,1000.0,652,1.0528023202705036e-05,-1.7367737293243408,0.0007545383996330202,274,798.8498774593345,,
2388,656000,0.010297184810042381,163974,1000.0,656,1.0528023202705036e-05,-1.7149156332015991,0.0007459516054950655,274,801.611207902413,,
2403,660000,0.010297184810042381,164974,1000.0,660,1.0528023202705036e-05,-1.730210304260254,0.0009216401958838105,274,804.3722573294837,,
2417,664000,0.010297184810042381,165974,1000.0,664,1.0528023202705036e-05,-1.7271602153778076,0.0008675308199599385,274,805.83575907633,,
2432,668000,0.010297184810042381,166974,1000.0,668,1.0528023202705036e-05,-1.7263977527618408,0.0007315577240660787,274,809.0250492222725,,
2446,672000,0.010297184810042381,167974,1000.0,672,1.0528023202705036e-05,-1.7233878374099731,0.0008373461314477026,274,812.2600856731473,,
2461,676000,0.010297184810042381,168974,1000.0,676,1.0528023202705036e-05,-1.7379364967346191,0.0009180926717817783,274,815.8084482092828,,
2475,680000,0.010297184810042381,169974,1000.0,680,1.0528023202705036e-05,-1.725616455078125,0.0009619753109291196,274,816.5517086188485,,
2490,684000,0.010297184810042381,170974,1000.0,684,1.0528023202705036e-05,-1.7294844388961792,0.0007929144194349647,274,818.9625373777719,,
2504,688000,0.010297184810042381,171974,1000.0,688,1.0528023202705036e-05,-1.7441682815551758,0.0007853723363950849,274,819.8384171297319,,
2519,692000,0.010297184810042381,172974,1000.0,692,1.0528023202705036e-05,-1.7450306415557861,0.0009570185793563724,274,820.6935804223518,,
2533,696000,0.010297184810042381,173974,1000.0,696,1.0528023202705036e-05,-1.7447214126586914,0.0008089430630207062,274,823.7950539291392,,
2548,700000,0.010297184810042381,174974,1000.0,700,1.0528023202705036e-05,-1.7395167350769043,0.0008347932016476989,274,825.3123329462047,,
2562,704000,0.010297184810042381,175974,1000.0,704,1.0528023202705036e-05,-1.7330085039138794,0.0007957104244269431,274,825.5767400176373,,
2577,708000,0.010297184810042381,176974,1000.0,708,1.0528023202705036e-05,-1.7483491897583008,0.0008120136335492134,274,826.0355263516317,,
2591,712000,0.010297184810042381,177974,1000.0,712,1.0528023202705036e-05,-1.7483441829681396,0.0008538494585081935,274,828.6016933970553,,
2606,716000,0.010297184810042381,178974,1000.0,716,1.0528023202705036e-05,-1.7438230514526367,0.0008384252432733774,274,832.4094240953825,,
2620,720000,0.010297184810042381,179974,1000.0,720,1.0528023202705036e-05,-1.7441966533660889,0.0007270714268088341,274,834.838730262923,,
2635,724000,0.010297184810042381,180974,1000.0,724,1.0528023202705036e-05,-1.7495696544647217,0.0007955830660648644,274,835.6923276562005,,
2649,728000,0.010297184810042381,181974,1000.0,728,1.0528023202705036e-05,-1.7582591772079468,0.0007308897329494357,274,837.3209064717868,,
2664,732000,0.010297184810042381,182974,1000.0,732,1.0528023202705036e-05,-1.756314754486084,0.0008216190617531538,274,839.3137966880063,,
2678,736000,0.010297184810042381,183974,1000.0,736,1.0528023202705036e-05,-1.7633509635925293,0.0006997777381911874,274,841.0893500496221,,
2693,740000,0.010297184810042381,184974,1000.0,740,1.0528023202705036e-05,-1.761688470840454,0.0007998435758054256,274,844.988384698529,,
2707,744000,0.010297184810042381,185974,1000.0,744,1.0528023202705036e-05,-1.7467451095581055,0.0007300851866602898,274,846.1984440290056,,
2722,748000,0.010297184810042381,186974,1000.0,748,1.0528023202705036e-05,-1.758474349975586,0.0008414693875238299,274,848.8558548484351,,
2736,752000,0.010297184810042381,187974,1000.0,752,1.0528023202705036e-05,-1.7689154148101807,0.0007476476603187621,274,850.1796725147973,,
2751,756000,0.010297184810042381,188974,1000.0,756,1.0528023202705036e-05,-1.7607473134994507,0.0008438844815827906,274,853.7669506838679,,
2765,760000,0.010297184810042381,189974,1000.0,760,1.0528023202705036e-05,-1.7610907554626465,0.0006835521780885756,274,856.0718900620722,,
2780,764000,0.010297184810042381,190974,1000.0,764,1.0528023202705036e-05,-1.7681690454483032,0.0008207416394725442,274,858.4465048499762,,
2794,768000,0.010297184810042381,191974,1000.0,768,1.0528023202705036e-05,-1.7593928575515747,0.0008969259215518832,274,858.6675009788992,,
2809,772000,0.010297184810042381,192974,1000.0,772,1.0528023202705036e-05,-1.7730307579040527,0.000692342990078032,274,859.6994683519655,,
2823,776000,0.010297184810042381,193974,1000.0,776,1.0528023202705036e-05,-1.7628343105316162,0.0007206094451248646,274,860.118138987228,,
2838,780000,0.010297184810042381,194974,1000.0,780,1.0528023202705036e-05,-1.7762595415115356,0.0007457789033651352,274,863.064900289678,,
2852,784000,0.010297184810042381,195974,1000.0,784,1.0528023202705036e-05,-1.7626266479492188,0.0008865491836331785,274,865.2054588558375,,
2867,788000,0.010297184810042381,196974,1000.0,788,1.0528023202705036e-05,-1.7775228023529053,0.0008610154036432505,274,866.9627161861246,,
2881,792000,0.010297184810042381,197974,1000.0,792,1.0528023202705036e-05,-1.7939534187316895,0.0008401490631513298,274,871.1854375517819,,
2896,796000,0.010297184810042381,198974,1000.0,796,1.0528023202705036e-05,-1.7754508256912231,0.0008282463531941175,274,872.1789125826068,,
,800000,0.010297184810042381,199974,,,1.0528023202705036e-05,-1.770847201347351,0.0006850032950751483,,,-26.5161146443783,1000.0
2920,800000,,,1000.0,800,,,,273,873.8553210313207,,
2933,804000,0.010297184810042381,200974,1000.0,804,1.0528023202705036e-05,-1.7886574268341064,0.0007508003618568182,274,876.7865440546984,,
2946,808000,0.010297184810042381,201974,1000.0,808,1.0528023202705036e-05,-1.7796037197113037,0.0007759262225590646,274,879.761228014014,,
2959,812000,0.010297184810042381,202974,1000.0,812,1.0528023202705036e-05,-1.778902292251587,0.0007488761330023408,274,880.4117525044851,,
2973,816000,0.010297184810042381,203974,1000.0,816,1.0528023202705036e-05,-1.7850921154022217,0.0007253192598000169,274,880.2787548916978,,
2987,820000,0.010297184810042381,204974,1000.0,820,1.0528023202705036e-05,-1.7883869409561157,0.0007791559910401702,274,882.5763138880952,,
3002,824000,0.010297184810042381,205974,1000.0,824,1.0528023202705036e-05,-1.7968775033950806,0.0007687457837164402,274,885.915232117832,,
3016,828000,0.010297184810042381,206974,1000.0,828,1.0528023202705036e-05,-1.7930991649627686,0.000820864865090698,274,888.4277304327277,,
3031,832000,0.010297184810042381,207974,1000.0,832,1.0528023202705036e-05,-1.7934285402297974,0.0006900593871250749,274,888.6704737168402,,
3045,836000,0.010297184810042381,208974,1000.0,836,1.0528023202705036e-05,-1.7890551090240479,0.0008842064999043941,274,890.6770773487592,,
3060,840000,0.010297184810042381,209974,1000.0,840,1.0528023202705036e-05,-1.7884820699691772,0.0008935834630392492,274,892.7549146096146,,
3074,844000,0.010297184810042381,210974,1000.0,844,1.0528023202705036e-05,-1.787541389465332,0.0008614146499894559,274,894.4614225461213,,
3089,848000,0.010297184810042381,211974,1000.0,848,1.0528023202705036e-05,-1.789266586303711,0.0008289302932098508,274,897.6953062586322,,
3103,852000,0.010297184810042381,212974,1000.0,852,1.0528023202705036e-05,-1.797433853149414,0.0007247109897434711,274,900.6079819263484,,
3118,856000,0.010297184810042381,213974,1000.0,856,1.0528023202705036e-05,-1.792008638381958,0.0007549971342086792,274,899.6937395013516,,
3132,860000,0.010297184810042381,214974,1000.0,860,1.0528023202705036e-05,-1.7848385572433472,0.000858546351082623,274,901.9960369318416,,
3147,864000,0.010297184810042381,215974,1000.0,864,1.0528023202705036e-05,-1.798878788948059,0.0006859282730147243,274,903.5525467120685,,
3161,868000,0.010297184810042381,216974,1000.0,868,1.0528023202705036e-05,-1.7938333749771118,0.0006873570382595062,274,904.8389914923889,,
3176,872000,0.010297184810042381,217974,1000.0,872,1.0528023202705036e-05,-1.7923439741134644,0.0007164751878008246,274,907.0466590333863,,
3190,876000,0.010297184810042381,218974,1000.0,876,1.0528023202705036e-05,-1.7916723489761353,0.0008227967191487551,274,908.597669582005,,
3205,880000,0.010297184810042381,219974,1000.0,880,1.0528023202705036e-05,-1.7974776029586792,0.0006915037520229816,274,909.6307455790384,,
3219,884000,0.010297184810042381,220974,1000.0,884,1.0528023202705036e-05,-1.807482123374939,0.0007092190207913518,274,908.7950283380763,,
3234,888000,0.010297184810042381,221974,1000.0,888,1.0528023202705036e-05,-1.8007054328918457,0.0006688154535368085,274,910.6826428588034,,
3248,892000,0.010297184810042381,222974,1000.0,892,1.0528023202705036e-05,-1.8052587509155273,0.000720643496606499,274,911.2060290183364,,
3263,896000,0.010297184810042381,223974,1000.0,896,1.0528023202705036e-05,-1.8088724613189697,0.0006787159945815802,274,910.4837573159589,,
3277,900000,0.010297184810042381,224974,1000.0,900,1.0528023202705036e-05,-1.7942850589752197,0.0008147329790517688,274,912.6925830579328,,
3292,904000,0.010297184810042381,225974,1000.0,904,1.0528023202705036e-05,-1.8097150325775146,0.000796861422713846,274,913.2721194115084,,
3306,908000,0.010297184810042381,226974,1000.0,908,1.0528023202705036e-05,-1.810246467590332,0.0006575231673195958,274,912.6231116168269,,
3321,912000,0.010297184810042381,227974,1000.0,912,1.0528023202705036e-05,-1.8056374788284302,0.0007546568522229791,274,914.0285386266872,,
3335,916000,0.010297184810042381,228974,1000.0,916,1.0528023202705036e-05,-1.8083233833312988,0.0007074287859722972,274,917.0562498000113,,
3350,920000,0.010297184810042381,229974,1000.0,920,1.0528023202705036e-05,-1.813916563987732,0.0006835302338004112,274,918.669945614877,,
3364,924000,0.010297184810042381,230974,1000.0,924,1.0528023202705036e-05,-1.805298089981079,0.0007006153464317322,274,919.2841855153107,,
3379,928000,0.010297184810042381,231974,1000.0,928,1.0528023202705036e-05,-1.811567783355713,0.0007175958016887307,274,918.5657269807446,,
3393,932000,0.010297184810042381,232974,1000.0,932,1.0528023202705036e-05,-1.8092257976531982,0.0006869607605040073,274,921.3993591405845,,
3408,936000,0.010297184810042381,233974,1000.0,936,1.0528023202705036e-05,-1.8190302848815918,0.0007870981935411692,274,923.4797794510321,,
3422,940000,0.010297184810042381,234974,1000.0,940,1.0528023202705036e-05,-1.8159204721450806,0.0006964141502976418,274,923.8279279538672,,
3437,944000,0.010297184810042381,235974,1000.0,944,1.0528023202705036e-05,-1.8152334690093994,0.000716185721103102,274,924.2527403043674,,
3451,948000,0.010297184810042381,236974,1000.0,948,1.0528023202705036e-05,-1.8147199153900146,0.0006656009936705232,274,924.4434275556798,,
3466,952000,0.010297184810042381,237974,1000.0,952,1.0528023202705036e-05,-1.8205158710479736,0.0007153975893743336,274,924.5024568113364,,
3480,956000,0.010297184810042381,238974,1000.0,956,1.0528023202705036e-05,-1.816650152206421,0.0007251300266943872,274,927.3242628058562,,
3495,960000,0.010297184810042381,239974,1000.0,960,1.0528023202705036e-05,-1.81880784034729,0.0008528957841917872,274,929.5598317399123,,
3509,964000,0.010297184810042381,240974,1000.0,964,1.0528023202705036e-05,-1.8157548904418945,0.0006501130410470068,274,930.9930176064059,,
3524,968000,0.010297184810042381,241974,1000.0,968,1.0528023202705036e-05,-1.8221361637115479,0.0006289777811616659,274,933.3040828561458,,
3538,972000,0.010297184810042381,242974,1000.0,972,1.0528023202705036e-05,-1.8100054264068604,0.0006784388097003102,274,934.9468120118446,,
3553,976000,0.010297184810042381,243974,1000.0,976,1.0528023202705036e-05,-1.831081748008728,0.0007460447959601879,274,935.6850831223969,,
3567,980000,0.010297184810042381,244974,1000.0,980,1.0528023202705036e-05,-1.817559003829956,0.0007314742542803288,274,937.8652063241124,,
3582,984000,0.010297184810042381,245974,1000.0,984,1.0528023202705036e-05,-1.819964051246643,0.0007260256679728627,274,941.1715054391198,,
3596,988000,0.010297184810042381,246974,1000.0,988,1.0528023202705036e-05,-1.8200738430023193,0.0006493112305179238,274,941.8393219099321,,
3611,992000,0.010297184810042381,247974,1000.0,992,1.0528023202705036e-05,-1.8215134143829346,0.0006479293806478381,274,942.8355076090404,,
3625,996000,0.010297184810042381,248974,1000.0,996,1.0528023202705036e-05,-1.8353294134140015,0.0007429581019096076,274,944.2247459244063,,
,1000000,0.010297184810042381,249974,,,1.0528023202705036e-05,-1.8287198543548584,0.0007432826678268611,,,4.837951336420815,1000.0
3649,1000000,,,1000.0,1000,,,,274,944.8163446148001,,
3662,1004000,0.010297184810042381,250974,1000.0,1004,1.0528023202705036e-05,-1.840238332748413,0.0007454429287463427,274,947.4858880700858,,
3674,1008000,0.010297184810042381,251974,1000.0,1008,1.0528023202705036e-05,-1.8302217721939087,0.0007338113500736654,274,948.5793484698111,,
3687,1012000,0.010297184810042381,252974,1000.0,1012,1.0528023202705036e-05,-1.8328560590744019,0.0007709111669100821,274,948.7232593658648,,
3701,1016000,0.010297184810042381,253974,1000.0,1016,1.0528023202705036e-05,-1.8357391357421875,0.0006777793169021606,274,949.9543907827953,,
3715,1020000,0.010297184810042381,254974,1000.0,1020,1.0528023202705036e-05,-1.8235445022583008,0.0007861971389502287,274,951.7515632063015,,
3730,1024000,0.010297184810042381,255974,1000.0,1024,1.0528023202705036e-05,-1.828942060470581,0.0006759978132322431,274,953.0830156340787,,
3744,1028000,0.010297184810042381,256974,1000.0,1028,1.0528023202705036e-05,-1.8269102573394775,0.0006850985810160637,274,955.4968575500307,,
3759,1032000,0.010297184810042381,257974,1000.0,1032,1.0528023202705036e-05,-1.8431788682937622,0.0006923464825376868,274,956.8072099506588,,
3773,1036000,0.010297184810042381,258974,1000.0,1036,1.0528023202705036e-05,-1.8428449630737305,0.0007119489600881934,274,957.6483531356697,,
3788,1040000,0.010297184810042381,259974,1000.0,1040,1.0528023202705036e-05,-1.8395097255706787,0.0006885144393891096,274,958.9377895087933,,
3802,1044000,0.010297184810042381,260974,1000.0,1044,1.0528023202705036e-05,-1.8520437479019165,0.0007852608687244356,274,961.1261431329956,,
3817,1048000,0.010297184810042381,261974,1000.0,1048,1.0528023202705036e-05,-1.8426735401153564,0.0007007956737652421,274,960.9558738633401,,
3832,1052000,0.010297184810042381,262974,1000.0,1052,1.0528023202705036e-05,-1.8386566638946533,0.0007603414123877883,274,963.3748417173093,,
3847,1056000,0.010297184810042381,263974,1000.0,1056,1.0528023202705036e-05,-1.8527811765670776,0.0005973423831164837,274,964.9566691723719,,
3862,1060000,0.010297184810042381,264974,1000.0,1060,1.0528023202705036e-05,-1.8426095247268677,0.0007608311716467142,274,963.9059209390625,,
3876,1064000,0.010297184810042381,265974,1000.0,1064,1.0528023202705036e-05,-1.8438184261322021,0.0007817751029506326,274,965.186552957285,,
3891,1068000,0.010297184810042381,266974,1000.0,1068,1.0528023202705036e-05,-1.8491392135620117,0.0006373879732564092,274,966.0835627180032,,
3906,1072000,0.010297184810042381,267974,1000.0,1072,1.0528023202705036e-05,-1.8352009057998657,0.0006663478561677039,274,967.3262842923558,,
3920,1076000,0.010297184810042381,268974,1000.0,1076,1.0528023202705036e-05,-1.8429795503616333,0.0007208801107481122,274,968.7708788566873,,
3935,1080000,0.010297184810042381,269974,1000.0,1080,1.0528023202705036e-05,-1.8388969898223877,0.0007716905092820525,274,969.6326907588731,,
3950,1084000,0.010297184810042381,270974,1000.0,1084,1.0528023202705036e-05,-1.8481135368347168,0.0007831179536879063,274,971.2345179001181,,
3964,1088000,0.010297184810042381,271974,1000.0,1088,1.0528023202705036e-05,-1.8660978078842163,0.0005498574464581907,274,975.0539202186122,,
3979,1092000,0.010297184810042381,272974,1000.0,1092,1.0528023202705036e-05,-1.8493733406066895,0.0006474228575825691,274,976.3067859742105,,
3994,1096000,0.010297184810042381,273974,1000.0,1096,1.0528023202705036e-05,-1.8329570293426514,0.0006380442064255476,274,979.6980329550535,,
4008,1100000,0.010297184810042381,274974,1000.0,1100,1.0528023202705036e-05,-1.8411924839019775,0.0007080035284161568,274,982.1209063023551,,
4023,1104000,0.010297184810042381,275974,1000.0,1104,1.0528023202705036e-05,-1.854082465171814,0.0006575948791578412,274,982.3719024432238,,
4038,1108000,0.010297184810042381,276974,1000.0,1108,1.0528023202705036e-05,-1.8579837083816528,0.0007788623915985227,274,984.5048788503867,,
4053,1112000,0.010297184810042381,277974,1000.0,1112,1.0528023202705036e-05,-1.8470536470413208,0.0007081942167133093,274,987.6132436950558,,
4067,1116000,0.010297184810042381,278974,1000.0,1116,1.0528023202705036e-05,-1.8369379043579102,0.0007802769541740417,274,988.2979359591455,,
4082,1120000,0.010297184810042381,279974,1000.0,1120,1.0528023202705036e-05,-1.8489353656768799,0.0006262107053771615,274,988.868771930776,,
4097,1124000,0.010297184810042381,280974,1000.0,1124,1.0528023202705036e-05,-1.84880793094635,0.0005807383568026125,274,988.6536702189456,,
4111,1128000,0.010297184810042381,281974,1000.0,1128,1.0528023202705036e-05,-1.8487911224365234,0.0006738293450325727,274,990.406824993169,,
4126,1132000,0.010297184810042381,282974,1000.0,1132,1.0528023202705036e-05,-1.8548579216003418,0.0006769697065465152,274,992.9373021239381,,
4141,1136000,0.010297184810042381,283974,1000.0,1136,1.0528023202705036e-05,-1.8522545099258423,0.0006994980503804982,274,994.1694489819613,,
4155,1140000,0.010297184810042381,284974,1000.0,1140,1.0528023202705036e-05,-1.8398795127868652,0.0007317622657865286,274,993.9064766977783,,
4170,1144000,0.010297184810042381,285974,1000.0,1144,1.0528023202705036e-05,-1.8526017665863037,0.0007285228930413723,274,994.5923977463556,,
4185,1148000,0.010297184810042381,286974,1000.0,1148,1.0528023202705036e-05,-1.8550784587860107,0.0006670001312159002,274,997.248525507717,,
4200,1152000,0.010297184810042381,287974,1000.0,1152,1.0528023202705036e-05,-1.8487586975097656,0.0007718204287812114,274,996.5349363906117,,
4214,1156000,0.010297184810042381,288974,1000.0,1156,1.0528023202705036e-05,-1.857282280921936,0.0007100283401086926,274,998.4375948784514,,
4229,1160000,0.010297184810042381,289974,1000.0,1160,1.0528023202705036e-05,-1.8535447120666504,0.0006120633333921432,274,999.6189078531451,,
4244,1164000,0.010297184810042381,290974,1000.0,1164,1.0528023202705036e-05,-1.8573062419891357,0.000735868641640991,274,1001.946557763795,,
4258,1168000,0.010297184810042381,291974,1000.0,1168,1.0528023202705036e-05,-1.8538225889205933,0.000608142523560673,274,1003.8334316900952,,
4273,1172000,0.010297184810042381,292974,1000.0,1172,1.0528023202705036e-05,-1.8590757846832275,0.000638372905086726,274,1005.5962176975448,,
4288,1176000,0.010297184810042381,293974,1000.0,1176,1.0528023202705036e-05,-1.859352946281433,0.0006992613198235631,274,1007.7577879805821,,
4302,1180000,0.010297184810042381,294974,1000.0,1180,1.0528023202705036e-05,-1.8660410642623901,0.0006555985892191529,274,1009.2316045308211,,
4317,1184000,0.010297184810042381,295974,1000.0,1184,1.0528023202705036e-05,-1.8585766553878784,0.0008049752796068788,274,1011.051734731112,,
4332,1188000,0.010297184810042381,296974,1000.0,1188,1.0528023202705036e-05,-1.8682923316955566,0.0006425234023481607,274,1011.1115949644905,,
4346,1192000,0.010297184810042381,297974,1000.0,1192,1.0528023202705036e-05,-1.8662528991699219,0.000660524470731616,274,1012.3720557831626,,
4361,1196000,0.010297184810042381,298974,1000.0,1196,1.0528023202705036e-05,-1.8649237155914307,0.0007396774599328637,274,1011.9855308294659,,
,1200000,0.010297184810042381,299974,,,1.0528023202705036e-05,-1.8633936643600464,0.0006340119289234281,,,-199.17316381304732,1000.0
4385,1200000,,,1000.0,1200,,,,273,1013.3749883834203,,
4398,1204000,0.010297184810042381,300974,1000.0,1204,1.0528023202705036e-05,-1.8622735738754272,0.0006425015162676573,273,1015.4617866412368,,
4411,1208000,0.010297184810042381,301974,1000.0,1208,1.0528023202705036e-05,-1.8669826984405518,0.0007561944075860083,273,1016.5765448456411,,
4424,1212000,0.010297184810042381,302974,1000.0,1212,1.0528023202705036e-05,-1.862013339996338,0.0006941438186913729,273,1017.8275072630524,,
4438,1216000,0.010297184810042381,303974,1000.0,1216,1.0528023202705036e-05,-1.8736627101898193,0.0006106847431510687,273,1021.5246358286505,,
4452,1220000,0.010297184810042381,304974,1000.0,1220,1.0528023202705036e-05,-1.8570654392242432,0.0005781875224784017,274,1023.1503556580949,,
4467,1224000,0.010297184810042381,305974,1000.0,1224,1.0528023202705036e-05,-1.8761427402496338,0.0006017762934789062,274,1026.034415480969,,
4481,1228000,0.010297184810042381,306974,1000.0,1228,1.0528023202705036e-05,-1.8696945905685425,0.0006306991563178599,274,1027.2350045613043,,
4496,1232000,0.010297184810042381,307974,1000.0,1232,1.0528023202705036e-05,-1.8594335317611694,0.0006408349145203829,274,1029.1334382441187,,
4510,1236000,0.010297184810042381,308974,1000.0,1236,1.0528023202705036e-05,-1.8605921268463135,0.0006235955515876412,274,1030.6431291700817,,
4525,1240000,0.010297184810042381,309974,1000.0,1240,1.0528023202705036e-05,-1.8555487394332886,0.0007245181477628648,274,1033.8556707142563,,
4539,1244000,0.010297184810042381,310974,1000.0,1244,1.0528023202705036e-05,-1.8699982166290283,0.0006826271419413388,274,1036.7746153009223,,
4554,1248000,0.010297184810042381,311974,1000.0,1248,1.0528023202705036e-05,-1.8643583059310913,0.0006087672663852572,274,1038.9740165540718,,
4568,1252000,0.010297184810042381,312974,1000.0,1252,1.0528023202705036e-05,-1.8678529262542725,0.0006630851421505213,274,1041.8693748353473,,
4583,1256000,0.010297184810042381,313974,1000.0,1256,1.0528023202705036e-05,-1.8716353178024292,0.0006572733400389552,274,1041.8266241960243,,
4597,1260000,0.010297184810042381,314974,1000.0,1260,1.0528023202705036e-05,-1.8647065162658691,0.0006314858910627663,274,1044.0293914012364,,
4612,1264000,0.010297184810042381,315974,1000.0,1264,1.0528023202705036e-05,-1.8711570501327515,0.0007684221491217613,274,1044.1518441160938,,
4626,1268000,0.010297184810042381,316974,1000.0,1268,1.0528023202705036e-05,-1.8554184436798096,0.0007914305315352976,274,1046.0137242895125,,
4640,1272000,0.010297184810042381,317974,1000.0,1272,1.0528023202705036e-05,-1.8845267295837402,0.0006045068148523569,274,1045.6445852391398,,
4655,1276000,0.010297184810042381,318974,1000.0,1276,1.0528023202705036e-05,-1.868129014968872,0.0006887378403916955,274,1046.7784034450776,,
4669,1280000,0.010297184810042381,319974,1000.0,1280,1.0528023202705036e-05,-1.8640148639678955,0.0006605027010664344,274,1048.1429913867648,,
4684,1284000,0.010297184810042381,320974,1000.0,1284,1.0528023202705036e-05,-1.8667033910751343,0.0006247763521969318,274,1048.5662167962491,,
4698,1288000,0.010297184810042381,321974,1000.0,1288,1.0528023202705036e-05,-1.868107795715332,0.0006246942793950438,274,1049.6451388290923,,
4713,1292000,0.010297184810042381,322974,1000.0,1292,1.0528023202705036e-05,-1.8795043230056763,0.0006043597240932286,274,1051.0270014618793,,
4728,1296000,0.010297184810042381,323974,1000.0,1296,1.0528023202705036e-05,-1.8655884265899658,0.0005871279281564057,274,1053.2242215332692,,
4742,1300000,0.010297184810042381,324974,1000.0,1300,1.0528023202705036e-05,-1.8727467060089111,0.000570106552913785,274,1054.2740067101504,,
4757,1304000,0.010297184810042381,325974,1000.0,1304,1.0528023202705036e-05,-1.8770053386688232,0.0005987766198813915,274,1055.5921869241529,,
4771,1308000,0.010297184810042381,326974,1000.0,1308,1.0528023202705036e-05,-1.867055058479309,0.0006505370838567615,274,1056.2480580243405,,
4786,1312000,0.010297184810042381,327974,1000.0,1312,1.0528023202705036e-05,-1.8797094821929932,0.0006243349052965641,274,1055.7576198432182,,
4800,1316000,0.010297184810042381,328974,1000.0,1316,1.0528023202705036e-05,-1.8799012899398804,0.0007631117478013039,274,1054.6613957288196,,
4815,1320000,0.010297184810042381,329974,1000.0,1320,1.0528023202705036e-05,-1.8752450942993164,0.0006653576856479049,274,1053.583656474674,,
4829,1324000,0.010297184810042381,330974,1000.0,1324,1.0528023202705036e-05,-1.8819929361343384,0.0006061549065634608,274,1054.171034150967,,
4844,1328000,0.010297184810042381,331974,1000.0,1328,1.0528023202705036e-05,-1.8832135200500488,0.0006314159836620092,274,1054.2726331796575,,
4858,1332000,0.010297184810042381,332974,1000.0,1332,1.0528023202705036e-05,-1.880570650100708,0.0006509352242574096,274,1052.3063231288456,,
4873,1336000,0.010297184810042381,333974,1000.0,1336,1.0528023202705036e-05,-1.8811290264129639,0.0006130876136012375,274,1052.4923733445744,,
4887,1340000,0.010297184810042381,334974,1000.0,1340,1.0528023202705036e-05,-1.8819783926010132,0.0005473740166053176,274,1054.0608539880184,,
4901,1344000,0.010297184810042381,335974,1000.0,1344,1.0528023202705036e-05,-1.8837850093841553,0.0006104657659307122,274,1053.2692723856355,,
4916,1348000,0.010297184810042381,336974,1000.0,1348,1.0528023202705036e-05,-1.8790478706359863,0.0007554478943347931,274,1052.3957551516687,,
4931,1352000,0.010297184810042381,337974,1000.0,1352,1.0528023202705036e-05,-1.8823328018188477,0.0006163973012007773,274,1053.7531833472378,,
4945,1356000,0.010297184810042381,338974,1000.0,1356,1.0528023202705036e-05,-1.881124496459961,0.0006659707869403064,274,1054.7487787090654,,
4959,1360000,0.010297184810042381,339974,1000.0,1360,1.0528023202705036e-05,-1.8852163553237915,0.0006505378987640142,274,1055.2129471363382,,
4974,1364000,0.010297184810042381,340974,1000.0,1364,1.0528023202705036e-05,-1.881001591682434,0.0006172664579935372,274,1054.161147788346,,
4989,1368000,0.010297184810042381,341974,1000.0,1368,1.0528023202705036e-05,-1.891944408416748,0.0006169343250803649,274,1054.5763677750456,,
5003,1372000,0.010297184810042381,342974,1000.0,1372,1.0528023202705036e-05,-1.8838862180709839,0.0006292370380833745,274,1056.3674692127063,,
5017,1376000,0.010297184810042381,343974,1000.0,1376,1.0528023202705036e-05,-1.883573055267334,0.000704099191352725,274,1057.108537959634,,
5032,1380000,0.010297184810042381,344974,1000.0,1380,1.0528023202705036e-05,-1.8843649625778198,0.000625144166406244,274,1058.9347772696722,,
5046,1384000,0.010297184810042381,345974,1000.0,1384,1.0528023202705036e-05,-1.8848416805267334,0.0006422630976885557,274,1060.0741066234605,,
5061,1388000,0.010297184810042381,346974,1000.0,1388,1.0528023202705036e-05,-1.8935832977294922,0.0006386165041476488,274,1060.7031075320283,,
5075,1392000,0.010297184810042381,347974,1000.0,1392,1.0528023202705036e-05,-1.8900985717773438,0.0006359628750942647,274,1062.2290964728816,,
5090,1396000,0.010297184810042381,348974,1000.0,1396,1.0528023202705036e-05,-1.8869287967681885,0.0006879994180053473,274,1062.919971809266,,
,1400000,0.010297184810042381,349974,,,1.0528023202705036e-05,-1.8890724182128906,0.0006595875602215528,,,-208.65678041463556,1000.0
5113,1400000,,,1000.0,1400,,,,273,1063.3116926097466,,
5126,1404000,0.010297184810042381,350974,1000.0,1404,1.0528023202705036e-05,-1.881149172782898,0.0006038639112375677,273,1063.4674407868974,,
5139,1408000,0.010297184810042381,351974,1000.0,1408,1.0528023202705036e-05,-1.8929299116134644,0.0006866550538688898,273,1064.805216642607,,
5152,1412000,0.010297184810042381,352974,1000.0,1412,1.0528023202705036e-05,-1.8823702335357666,0.0006539320456795394,274,1065.8621842941536,,
5166,1416000,0.010297184810042381,353974,1000.0,1416,1.0528023202705036e-05,-1.8960124254226685,0.0006220600917004049,274,1067.021171622796,,
5180,1420000,0.010297184810042381,354974,1000.0,1420,1.0528023202705036e-05,-1.8908166885375977,0.0005733152502216399,274,1068.1343526850778,,
5195,1424000,0.010297184810042381,355974,1000.0,1424,1.0528023202705036e-05,-1.8934855461120605,0.0006956181605346501,274,1067.046898546411,,
5209,1428000,0.010297184810042381,356974,1000.0,1428,1.0528023202705036e-05,-1.8865227699279785,0.0006818028632551432,274,1069.3193468749168,,
5224,1432000,0.010297184810042381,357974,1000.0,1432,1.0528023202705036e-05,-1.8846464157104492,0.000712254666723311,274,1073.4278360630092,,
5238,1436000,0.010297184810042381,358974,1000.0,1436,1.0528023202705036e-05,-1.9010987281799316,0.0005417458596639335,274,1073.8225594024175,,
5253,1440000,0.010297184810042381,359974,1000.0,1440,1.0528023202705036e-05,-1.8934812545776367,0.0007044102530926466,274,1075.4787732285026,,
5267,1444000,0.010297184810042381,360974,1000.0,1444,1.0528023202705036e-05,-1.8907427787780762,0.000667808810248971,274,1077.4191104768959,,
5282,1448000,0.010297184810042381,361974,1000.0,1448,1.0528023202705036e-05,-1.8950259685516357,0.0005855874624103308,274,1078.4336329279113,,
5296,1452000,0.010297184810042381,362974,1000.0,1452,1.0528023202705036e-05,-1.896324872970581,0.0005251697148196399,274,1078.8542778631522,,
5311,1456000,0.010297184810042381,363974,1000.0,1456,1.0528023202705036e-05,-1.9061015844345093,0.0006007981719449162,274,1081.1960837238064,,
5325,1460000,0.010297184810042381,364974,1000.0,1460,1.0528023202705036e-05,-1.8970868587493896,0.0006111497059464455,274,1083.5726185038045,,
5340,1464000,0.010297184810042381,365974,1000.0,1464,1.0528023202705036e-05,-1.9003820419311523,0.0005526820314116776,274,1085.777231578066,,
5354,1468000,0.010297184810042381,366974,1000.0,1468,1.0528023202705036e-05,-1.8978183269500732,0.000577122438699007,274,1085.1889396340425,,
5369,1472000,0.010297184810042381,367974,1000.0,1472,1.0528023202705036e-05,-1.9023866653442383,0.0005328693659976125,274,1086.829968571292,,
5383,1476000,0.010297184810042381,368974,1000.0,1476,1.0528023202705036e-05,-1.9013700485229492,0.0005485499277710915,274,1087.8722121987446,,
5398,1480000,0.010297184810042381,369974,1000.0,1480,1.0528023202705036e-05,-1.9055711030960083,0.0005691041005775332,274,1088.502421041505,,
5412,1484000,0.010297184810042381,370974,1000.0,1484,1.0528023202705036e-05,-1.8925528526306152,0.0006366927409544587,274,1090.6623846371297,,
5427,1488000,0.010297184810042381,371974,1000.0,1488,1.0528023202705036e-05,-1.9000906944274902,0.0006325322901830077,274,1092.2592637762775,,
5441,1492000,0.010297184810042381,372974,1000.0,1492,1.0528023202705036e-05,-1.8979460000991821,0.0006626331596635282,274,1094.2376415806873,,
5456,1496000,0.010297184810042381,373974,1000.0,1496,1.0528023202705036e-05,-1.9011013507843018,0.0006643058732151985,274,1096.9300535447308,,
5470,1500000,0.010297184810042381,374974,1000.0,1500,1.0528023202705036e-05,-1.8975558280944824,0.000676061725243926,274,1097.4714300037642,,
5485,1504000,0.010297184810042381,375974,1000.0,1504,1.0528023202705036e-05,-1.9059104919433594,0.0005836302880197763,274,1099.05522960783,,
5499,1508000,0.010297184810042381,376974,1000.0,1508,1.0528023202705036e-05,-1.906109094619751,0.0005592192173935473,274,1100.1671335199742,,
5514,1512000,0.010297184810042381,377974,1000.0,1512,1.0528023202705036e-05,-1.9020593166351318,0.0006654756725765765,274,1102.642842969307,,
5528,1516000,0.010297184810042381,378974,1000.0,1516,1.0528023202705036e-05,-1.8970094919204712,0.0005920982803218067,274,1104.2878841570566,,
5543,1520000,0.010297184810042381,379974,1000.0,1520,1.0528023202705036e-05,-1.894166350364685,0.0005392861785367131,274,1106.2571905214138,,
5557,1524000,0.010297184810042381,380974,1000.0,1524,1.0528023202705036e-05,-1.9009132385253906,0.0006532192346639931,274,1109.5258433817214,,
5572,1528000,0.010297184810042381,381974,1000.0,1528,1.0528023202705036e-05,-1.9069325923919678,0.0005806148401461542,274,1109.2052274353127,,
5586,1532000,0.010297184810042381,382974,1000.0,1532,1.0528023202705036e-05,-1.9041061401367188,0.0007026161765679717,274,1109.733742841263,,
5601,1536000,0.010297184810042381,383974,1000.0,1536,1.0528023202705036e-05,-1.9099756479263306,0.000572348537389189,274,1112.5100029935656,,
5615,1540000,0.010297184810042381,384974,1000.0,1540,1.0528023202705036e-05,-1.8970248699188232,0.000702626770362258,274,1113.0623039709503,,
5630,1544000,0.010297184810042381,385974,1000.0,1544,1.0528023202705036e-05,-1.9056742191314697,0.0005961119895800948,274,1115.4374895963638,,
5645,1548000,0.010297184810042381,386974,1000.0,1548,1.0528023202705036e-05,-1.9039640426635742,0.0007158175576478243,274,1117.9607776952028,,
5659,1552000,0.010297184810042381,387974,1000.0,1552,1.0528023202705036e-05,-1.900156021118164,0.00064813531935215,274,1117.7910281503077,,
5674,1556000,0.010297184810042381,388974,1000.0,1556,1.0528023202705036e-05,-1.9065721035003662,0.0006230290164239705,274,1118.2043085838989,,
5689,1560000,0.010297184810042381,389974,1000.0,1560,1.0528023202705036e-05,-1.9114086627960205,0.000583428074605763,274,1118.5598006286218,,
5704,1564000,0.010297184810042381,390974,1000.0,1564,1.0528023202705036e-05,-1.90059232711792,0.0007044569356366992,274,1119.9836871684793,,
5718,1568000,0.010297184810042381,391974,1000.0,1568,1.0528023202705036e-05,-1.9060503244400024,0.0005471092881634831,274,1121.5229402854486,,
5733,1572000,0.010297184810042381,392974,1000.0,1572,1.0528023202705036e-05,-1.913210153579712,0.0005396085907705128,274,1123.2084971515685,,
5748,1576000,0.010297184810042381,393974,1000.0,1576,1.0528023202705036e-05,-1.9047478437423706,0.000635053962469101,274,1123.0110357781837,,
5762,1580000,0.010297184810042381,394974,1000.0,1580,1.0528023202705036e-05,-1.9220672845840454,0.000571122975088656,274,1122.962703476101,,
5777,1584000,0.010297184810042381,395974,1000.0,1584,1.0528023202705036e-05,-1.9070289134979248,0.0006306607974693179,274,1122.4919156143892,,
5792,1588000,0.010297184810042381,396974,1000.0,1588,1.0528023202705036e-05,-1.9184123277664185,0.0005549497436732054,274,1122.9118648445904,,
5807,1592000,0.010297184810042381,397974,1000.0,1592,1.0528023202705036e-05,-1.9158813953399658,0.0006734908674843609,274,1123.8920476927437,,
5821,1596000,0.010297184810042381,398974,1000.0,1596,1.0528023202705036e-05,-1.9065172672271729,0.0006955925491638482,274,1122.8819992944743,,
,1600000,0.010297184810042381,399974,,,1.0528023202705036e-05,-1.907076120376587,0.0006516550201922655,,,-124.20620294047808,1000.0
5845,1600000,,,1000.0,1600,,,,273,1124.074831599257,,
5858,1604000,0.010297184810042381,400974,1000.0,1604,1.0528023202705036e-05,-1.9069890975952148,0.0006697187200188637,273,1125.4012910485542,,
5871,1608000,0.010297184810042381,401974,1000.0,1608,1.0528023202705036e-05,-1.9116194248199463,0.0006195302703417838,273,1126.3463659694507,,
5884,1612000,0.010297184810042381,402974,1000.0,1612,1.0528023202705036e-05,-1.9162174463272095,0.0006716795032843947,273,1126.334428066451,,
5897,1616000,0.010297184810042381,403974,1000.0,1616,1.0528023202705036e-05,-1.9146783351898193,0.0005170803633518517,273,1126.1278751229038,,
5912,1620000,0.010297184810042381,404974,1000.0,1620,1.0528023202705036e-05,-1.9104914665222168,0.000556331011466682,273,1127.3380546981168,,
5926,1624000,0.010297184810042381,405974,1000.0,1624,1.0528023202705036e-05,-1.9025672674179077,0.0006105182692408562,274,1128.0522014308383,,
5941,1628000,0.010297184810042381,406974,1000.0,1628,1.0528023202705036e-05,-1.9127998352050781,0.000659816199913621,274,1128.7596375074565,,
5956,1632000,0.010297184810042381,407974,1000.0,1632,1.0528023202705036e-05,-1.915780782699585,0.0006312993355095387,274,1129.049912342385,,
5970,1636000,0.010297184810042381,408974,1000.0,1636,1.0528023202705036e-05,-1.9143303632736206,0.0005641048774123192,274,1128.7873848888466,,
5985,1640000,0.010297184810042381,409974,1000.0,1640,1.0528023202705036e-05,-1.9123530387878418,0.0005753224832005799,274,1129.511919722952,,
5999,1644000,0.010297184810042381,410974,1000.0,1644,1.0528023202705036e-05,-1.9086518287658691,0.0005552395596168935,274,1129.065782906247,,
6014,1648000,0.010297184810042381,411974,1000.0,1648,1.0528023202705036e-05,-1.9137425422668457,0.0005800045328214765,274,1128.273066962203,,
6028,1652000,0.010297184810042381,412974,1000.0,1652,1.0528023202705036e-05,-1.9077975749969482,0.000558644300326705,274,1129.940658208537,,
6043,1656000,0.010297184810042381,413974,1000.0,1656,1.0528023202705036e-05,-1.9125207662582397,0.0006554000428877771,274,1128.686464991474,,
6057,1660000,0.010297184810042381,414974,1000.0,1660,1.0528023202705036e-05,-1.913092851638794,0.0006079612066969275,274,1129.7490635765416,,
6072,1664000,0.010297184810042381,415974,1000.0,1664,1.0528023202705036e-05,-1.9243686199188232,0.00056933902669698,274,1131.2681901804995,,
6086,1668000,0.010297184810042381,416974,1000.0,1668,1.0528023202705036e-05,-1.9076745510101318,0.0005119937704876065,274,1133.065749372123,,
6101,1672000,0.010297184810042381,417974,1000.0,1672,1.0528023202705036e-05,-1.9140713214874268,0.00067519536241889,274,1132.8329686586833,,
6115,1676000,0.010297184810042381,418974,1000.0,1676,1.0528023202705036e-05,-1.9103223085403442,0.0005992546211928129,274,1135.2625305198492,,
6130,1680000,0.010297184810042381,419974,1000.0,1680,1.0528023202705036e-05,-1.918112874031067,0.0005501967389136553,274,1134.5446186394918,,
6144,1684000,0.010297184810042381,420974,1000.0,1684,1.0528023202705036e-05,-1.9167145490646362,0.0005718610482290387,274,1136.4197263444337,,
6159,1688000,0.010297184810042381,421974,1000.0,1688,1.0528023202705036e-05,-1.9171749353408813,0.000498833367601037,274,1137.7916920046885,,
6173,1692000,0.010297184810042381,422974,1000.0,1692,1.0528023202705036e-05,-1.919877052307129,0.0005437671206891537,274,1136.7596266983396,,
6188,1696000,0.010297184810042381,423974,1000.0,1696,1.0528023202705036e-05,-1.9305074214935303,0.0005475625512190163,274,1140.1226645997444,,
6202,1700000,0.010297184810042381,424974,1000.0,1700,1.0528023202705036e-05,-1.9158029556274414,0.0006476510316133499,274,1140.5969447565012,,
6217,1704000,0.010297184810042381,425974,1000.0,1704,1.0528023202705036e-05,-1.9200116395950317,0.0006389866466633976,274,1141.9462561267856,,
6231,1708000,0.010297184810042381,426974,1000.0,1708,1.0528023202705036e-05,-1.920059084892273,0.0006972496630623937,274,1145.0287093130933,,
6246,1712000,0.010297184810042381,427974,1000.0,1712,1.0528023202705036e-05,-1.9137680530548096,0.0006686661508865654,274,1146.4255278449816,,
6260,1716000,0.010297184810042381,428974,1000.0,1716,1.0528023202705036e-05,-1.924294114112854,0.0006475108675658703,274,1147.7917802876113,,
6275,1720000,0.010297184810042381,429974,1000.0,1720,1.0528023202705036e-05,-1.9133031368255615,0.0005733427824452519,274,1149.2515405068061,,
6290,1724000,0.010297184810042381,430974,1000.0,1724,1.0528023202705036e-05,-1.9233582019805908,0.0005352299194782972,274,1149.6103691608382,,
6304,1728000,0.010297184810042381,431974,1000.0,1728,1.0528023202705036e-05,-1.9235873222351074,0.0004937911871820688,274,1151.2288027816548,,
6318,1732000,0.010297184810042381,432974,1000.0,1732,1.0528023202705036e-05,-1.9226670265197754,0.0007864227518439293,274,1150.51501992383,,
6333,1736000,0.010297184810042381,433974,1000.0,1736,1.0528023202705036e-05,-1.9307880401611328,0.0005657661240547895,274,1152.7597852031806,,
6347,1740000,0.010297184810042381,434974,1000.0,1740,1.0528023202705036e-05,-1.928513765335083,0.0005187991773709655,274,1153.0126182632139,,
6362,1744000,0.010297184810042381,435974,1000.0,1744,1.0528023202705036e-05,-1.9183531999588013,0.0006003077141940594,274,1154.342549553427,,
6377,1748000,0.010297184810042381,436974,1000.0,1748,1.0528023202705036e-05,-1.9162406921386719,0.0005455860518850386,274,1156.17026158656,,
6391,1752000,0.010297184810042381,437974,1000.0,1752,1.0528023202705036e-05,-1.9208487272262573,0.0005496486555784941,274,1157.111679023767,,
6405,1756000,0.010297184810042381,438974,1000.0,1756,1.0528023202705036e-05,-1.9321999549865723,0.0005825991975143552,274,1160.025026418043,,
6420,1760000,0.010297184810042381,439974,1000.0,1760,1.0528023202705036e-05,-1.9146771430969238,0.0005540262209251523,274,1162.0613376576264,,
6435,1764000,0.010297184810042381,440974,1000.0,1764,1.0528023202705036e-05,-1.9250400066375732,0.0006130206165835261,274,1163.4612275120849,,
6449,1768000,0.010297184810042381,441974,1000.0,1768,1.0528023202705036e-05,-1.926534652709961,0.0005425115814432502,274,1163.6508228569628,,
6463,1772000,0.010297184810042381,442974,1000.0,1772,1.0528023202705036e-05,-1.9220144748687744,0.0005436387145891786,274,1164.236625685324,,
6478,1776000,0.010297184810042381,443974,1000.0,1776,1.0528023202705036e-05,-1.9341752529144287,0.0005763371009379625,274,1164.4608199112604,,
6492,1780000,0.010297184810042381,444974,1000.0,1780,1.0528023202705036e-05,-1.917240858078003,0.0006467243656516075,274,1166.9513607604138,,
6507,1784000,0.010297184810042381,445974,1000.0,1784,1.0528023202705036e-05,-1.9269628524780273,0.0006109782843850553,274,1167.2666826014593,,
6521,1788000,0.010297184810042381,446974,1000.0,1788,1.0528023202705036e-05,-1.9148833751678467,0.0005668204394169152,274,1169.9747093347644,,
6536,1792000,0.010297184810042381,447974,1000.0,1792,1.0528023202705036e-05,-1.935502052307129,0.0005052814958617091,274,1171.6448262517874,,
6550,1796000,0.010297184810042381,448974,1000.0,1796,1.0528023202705036e-05,-1.927565336227417,0.0006259250221773982,274,1169.7602155938512,,
,1800000,0.010297184810042381,449974,,,1.0528023202705036e-05,-1.9223687648773193,0.0005720981280319393,,,-192.43590813126744,1000.0
6574,1800000,,,1000.0,1800,,,,273,1170.2842481258717,,
6587,1804000,0.010297184810042381,450974,1000.0,1804,1.0528023202705036e-05,-1.92826247215271,0.000631431583315134,273,1170.8095946322758,,
6600,1808000,0.010297184810042381,451974,1000.0,1808,1.0528023202705036e-05,-1.9261150360107422,0.0006132315029390156,273,1169.4671799252535,,
6613,1812000,0.010297184810042381,452974,1000.0,1812,1.0528023202705036e-05,-1.9283827543258667,0.0007431129924952984,273,1170.4834820264753,,
6626,1816000,0.010297184810042381,453974,1000.0,1816,1.0528023202705036e-05,-1.9327094554901123,0.0005461776163429022,274,1172.201626769814,,
6641,1820000,0.010297184810042381,454974,1000.0,1820,1.0528023202705036e-05,-1.9296660423278809,0.0005726363742724061,274,1173.0828766582665,,
6655,1824000,0.010297184810042381,455974,1000.0,1824,1.0528023202705036e-05,-1.9234204292297363,0.0005927299498580396,274,1174.4896549853065,,
6670,1828000,0.010297184810042381,456974,1000.0,1828,1.0528023202705036e-05,-1.9258449077606201,0.0005564570892602205,274,1175.8966717100661,,
6684,1832000,0.010297184810042381,457974,1000.0,1832,1.0528023202705036e-05,-1.9388282299041748,0.000627129222266376,274,1176.52559337409,,
6699,1836000,0.010297184810042381,458974,1000.0,1836,1.0528023202705036e-05,-1.9342238903045654,0.0005806046538054943,274,1176.0660650026875,,
6713,1840000,0.010297184810042381,459974,1000.0,1840,1.0528023202705036e-05,-1.9328908920288086,0.0005243521882221103,274,1178.3757713247398,,
6728,1844000,0.010297184810042381,460974,1000.0,1844,1.0528023202705036e-05,-1.9273127317428589,0.0006337752565741539,274,1177.9334902368566,,
6742,1848000,0.010297184810042381,461974,1000.0,1848,1.0528023202705036e-05,-1.9281755685806274,0.000610756513196975,274,1178.50022248304,,
6757,1852000,0.010297184810042381,462974,1000.0,1852,1.0528023202705036e-05,-1.9264028072357178,0.0005500862607732415,274,1179.2765932654688,,
6771,1856000,0.010297184810042381,463974,1000.0,1856,1.0528023202705036e-05,-1.9315662384033203,0.0006382833234965801,274,1180.5834850515726,,
6786,1860000,0.010297184810042381,464974,1000.0,1860,1.0528023202705036e-05,-1.9278502464294434,0.0005888112355023623,274,1179.227876858553,,
6800,1864000,0.010297184810042381,465974,1000.0,1864,1.0528023202705036e-05,-1.9401153326034546,0.0005270603578537703,274,1180.6539412923792,,
6815,1868000,0.010297184810042381,466974,1000.0,1868,1.0528023202705036e-05,-1.9350717067718506,0.0005231031100265682,274,1181.8832508393843,,
6829,1872000,0.010297184810042381,467974,1000.0,1872,1.0528023202705036e-05,-1.9327418804168701,0.0005556351970881224,274,1182.4736206750997,,
6844,1876000,0.010297184810042381,468974,1000.0,1876,1.0528023202705036e-05,-1.931729793548584,0.000619555008597672,274,1183.1711733633156,,
6859,1880000,0.010297184810042381,469974,1000.0,1880,1.0528023202705036e-05,-1.9358243942260742,0.0005273661226965487,274,1183.6840005652525,,
6873,1884000,0.010297184810042381,470974,1000.0,1884,1.0528023202705036e-05,-1.9364864826202393,0.0005713046411983669,274,1185.660776641228,,
6888,1888000,0.010297184810042381,471974,1000.0,1888,1.0528023202705036e-05,-1.9299380779266357,0.0005931680207140744,274,1183.7730079944313,,
6902,1892000,0.010297184810042381,472974,1000.0,1892,1.0528023202705036e-05,-1.9281357526779175,0.0004700440331362188,274,1184.3861845276522,,
6917,1896000,0.010297184810042381,473974,1000.0,1896,1.0528023202705036e-05,-1.9346122741699219,0.00047788512893021107,274,1187.2375173633807,,
6931,1900000,0.010297184810042381,474974,1000.0,1900,1.0528023202705036e-05,-1.9339721202850342,0.0005366530967876315,274,1187.8712545538028,,
6945,1904000,0.010297184810042381,475974,1000.0,1904,1.0528023202705036e-05,-1.9259965419769287,0.0005766330868937075,274,1188.7530713249882,,
6959,1908000,0.010297184810042381,476974,1000.0,1908,1.0528023202705036e-05,-1.9418954849243164,0.0005988631164655089,274,1189.9364243248501,,
6973,1912000,0.010297184810042381,477974,1000.0,1912,1.0528023202705036e-05,-1.9327306747436523,0.0005897565861232579,274,1192.6254418323203,,
6988,1916000,0.010297184810042381,478974,1000.0,1916,1.0528023202705036e-05,-1.9343292713165283,0.000578148930799216,274,1193.8403061769225,,
7003,1920000,0.010297184810042381,479974,1000.0,1920,1.0528023202705036e-05,-1.9337965250015259,0.0005347661790437996,274,1194.386943794675,,
7017,1924000,0.010297184810042381,480974,1000.0,1924,1.0528023202705036e-05,-1.9388338327407837,0.0005577286356128752,274,1195.1900594390622,,
7032,1928000,0.010297184810042381,481974,1000.0,1928,1.0528023202705036e-05,-1.9350957870483398,0.0005749857518821955,274,1195.331052909786,,
7047,1932000,0.010297184810042381,482974,1000.0,1932,1.0528023202705036e-05,-1.9359345436096191,0.0005317913019098341,274,1197.6067979742943,,
7061,1936000,0.010297184810042381,483974,1000.0,1936,1.0528023202705036e-05,-1.935133695602417,0.0005916355876252055,274,1198.1584258960306,,
7076,1940000,0.010297184810042381,484974,1000.0,1940,1.0528023202705036e-05,-1.9362770318984985,0.0005403367104008794,274,1195.8412747282057,,
7091,1944000,0.010297184810042381,485974,1000.0,1944,1.0528023202705036e-05,-1.931126594543457,0.0006727339932695031,274,1197.0287889950714,,
7105,1948000,0.010297184810042381,486974,1000.0,1948,1.0528023202705036e-05,-1.9315440654754639,0.0006113274721428752,274,1198.6622384094774,,
7120,1952000,0.010297184810042381,487974,1000.0,1952,1.0528023202705036e-05,-1.9328944683074951,0.0005091921775601804,274,1199.152409703717,,
7134,1956000,0.010297184810042381,488974,1000.0,1956,1.0528023202705036e-05,-1.9397432804107666,0.0005327853141352534,274,1199.123725428602,,
7149,1960000,0.010297184810042381,489974,1000.0,1960,1.0528023202705036e-05,-1.9388840198516846,0.0005804713582620025,274,1201.9727827176002,,
7164,1964000,0.010297184810042381,490974,1000.0,1964,1.0528023202705036e-05,-1.943610668182373,0.0006530364044010639,274,1201.8546616535057,,
7178,1968000,0.010297184810042381,491974,1000.0,1968,1.0528023202705036e-05,-1.9311933517456055,0.0005846817512065172,274,1201.4932953267853,,
7193,1972000,0.010297184810042381,492974,1000.0,1972,1.0528023202705036e-05,-1.9322589635849,0.0005281041376292706,274,1202.757103755739,,
7208,1976000,0.010297184810042381,493974,1000.0,1976,1.0528023202705036e-05,-1.9401706457138062,0.0005662622861564159,274,1205.3210566041057,,
7222,1980000,0.010297184810042381,494974,1000.0,1980,1.0528023202705036e-05,-1.9419292211532593,0.0006047525675967336,274,1207.2921467138883,,
7237,1984000,0.010297184810042381,495974,1000.0,1984,1.0528023202705036e-05,-1.9380707740783691,0.0005898288218304515,274,1206.0019106546406,,
7251,1988000,0.010297184810042381,496974,1000.0,1988,1.0528023202705036e-05,-1.9361250400543213,0.0005436965147964656,274,1207.2648591365523,,
7266,1992000,0.010297184810042381,497974,1000.0,1992,1.0528023202705036e-05,-1.945190668106079,0.0004741522716358304,274,1208.4484038842647,,
7281,1996000,0.010297184810042381,498974,1000.0,1996,1.0528023202705036e-05,-1.950679063796997,0.00045982556184753776,274,1208.4061005267363,,
,2000000,0.010297184810042381,499974,,,1.0528023202705036e-05,-1.9479565620422363,0.0005158779094927013,,,-173.34500400663308,1000.0
7305,2000000,,,1000.0,2000,,,,273,1211.349538078159,,
